{"headers":{"platform":{"username":"research","matlab_version":"9.14.0.2286388 (R2023a) Update 3","os":"Linux 5.15.0-122-generic #132~20.04.1-Ubuntu SMP Fri Aug 30 15:50:07 UTC 2024 x86_64","computer_name":"GLNXA64","gpu":"NVIDIA GeForce RTX 3070","cpu":"model name\t: Intel(R) Core(TM) i9-10900 CPU @ 2.80GHz"},"version":"0.1.3","author":"Ilias I. Giannakopoulos","Inputs":{"b0":"7","basis_vie":"0","basis_sie":"RWG","phantom":"duke_5_mm_298MHz_Head","coil":"GMT_coil/GMT_decoupled_shield_rad_10.246cm_wide_3.9cm_len_22cm_width_1cm_mesh_0.005.msh","preamplifiers":"no","tuning_matching_decoupling":"yes"}},"data":[{"name":"Coil mesh","description":"coilmsh","filename":"data/GMT_coil/GMT_decoupled_shield_rad_10.246cm_wide_3.9cm_len_22cm_width_1cm_mesh_0.005.msh","id":"coil","type":"accessory","matPixelType":null,"pixelType":null,"dim":null,"numberOfComponentsPerPixel":null},{"name":"Coil ports","description":"coilports","filename":"data/GMT_coil/GMT_decoupled_shield_rad_10.246cm_wide_3.9cm_len_22cm_width_1cm_mesh_0.005.txt","id":"port","type":"accessory","matPixelType":null,"pixelType":null,"dim":null,"numberOfComponentsPerPixel":null},{"name":"Relative_Permittivity","description":"epsilonr","filename":"data/epsilon_r.nii.gz","id":1007,"type":"accessory","matPixelType":"double","pixelType":"real","dim":3,"numberOfComponentsPerPixel":1},{"name":"Conductivity","description":"sigmae","filename":"data/sigma_e.nii.gz","id":1008,"type":"accessory","matPixelType":"double","pixelType":"real","dim":"3","numberOfComponentsPerPixel":1},{"name":"T1","description":"t1","filename":"data/t1.nii.gz","id":1000,"type":"accessory","matPixelType":"double","pixelType":"real","dim":3,"numberOfComponentsPerPixel":1},{"name":"T2","description":"t2","filename":"data/t2.nii.gz","id":1001,"type":"accessory","matPixelType":"double","pixelType":"real","dim":3,"numberOfComponentsPerPixel":1},{"name":"T2_star","description":"t2star","filename":"data/t2star.nii.gz","id":1003,"type":"accessory","matPixelType":"double","pixelType":"real","dim":3,"numberOfComponentsPerPixel":1},{"name":"Proton_Density","description":"rhoh","filename":"data/rhoh.nii.gz","id":1004,"type":"accessory","matPixelType":"double","pixelType":"real","dim":3,"numberOfComponentsPerPixel":1},{"name":"Mass_Density","description":"rhom","filename":"data/rhom.nii.gz","id":1005,"type":"accessory","matPixelType":"double","pixelType":"real","dim":3,"numberOfComponentsPerPixel":1},{"name":"Chemical_Shift","description":"dw","filename":"data/dw.nii.gz","id":1001,"type":"accessory","matPixelType":"double","pixelType":"real","dim":3,"numberOfComponentsPerPixel":1},{"name":"Noise Coefficient Matrix","description":"noisecoefficientmatrix","filename":"data/psi.nii.gz","id":2,"type":"accessory","matPixelType":"single","pixelType":"real","dim":2,"numberOfComponentsPerPixel":1},{"name":"Noise Covariance Matrix","description":"noisecovariancematrix","filename":"data/psi.nii.gz","id":1,"type":"output","matPixelType":"single","pixelType":"complex","dim":2,"numberOfComponentsPerPixel":1},{"name":"Magnetic Receive Field1","description":"b1m","filename":"data/b1m_001.nii.gz","id":100,"type":"output","matPixelType":"single","pixelType":"complex","dim":3,"numberOfComponentsPerPixel":1},{"name":"Magnetic Receive Field2","description":"b1m","filename":"data/b1m_002.nii.gz","id":101,"type":"output","matPixelType":"single","pixelType":"complex","dim":3,"numberOfComponentsPerPixel":1},{"name":"Magnetic Receive Field3","description":"b1m","filename":"data/b1m_003.nii.gz","id":102,"type":"output","matPixelType":"single","pixelType":"complex","dim":3,"numberOfComponentsPerPixel":1},{"name":"Magnetic Receive Field4","description":"b1m","filename":"data/b1m_004.nii.gz","id":103,"type":"output","matPixelType":"single","pixelType":"complex","dim":3,"numberOfComponentsPerPixel":1},{"name":"Magnetic Receive Field5","description":"b1m","filename":"data/b1m_005.nii.gz","id":104,"type":"output","matPixelType":"single","pixelType":"complex","dim":3,"numberOfComponentsPerPixel":1},{"name":"Magnetic Receive Field6","description":"b1m","filename":"data/b1m_006.nii.gz","id":105,"type":"output","matPixelType":"single","pixelType":"complex","dim":3,"numberOfComponentsPerPixel":1},{"name":"Magnetic Receive Field7","description":"b1m","filename":"data/b1m_007.nii.gz","id":106,"type":"output","matPixelType":"single","pixelType":"complex","dim":3,"numberOfComponentsPerPixel":1},{"name":"Magnetic Receive Field8","description":"b1m","filename":"data/b1m_008.nii.gz","id":107,"type":"output","matPixelType":"single","pixelType":"complex","dim":3,"numberOfComponentsPerPixel":1},{"name":"Magnetic_Transmit_Field_1","description":"b1p","filename":"data/b1p_001.nii.gz","id":300,"type":"output","matPixelType":"single","pixelType":"complex","dim":3,"numberOfComponentsPerPixel":1},{"name":"Magnetic_Transmit_Field_2","description":"b1p","filename":"data/b1p_002.nii.gz","id":301,"type":"output","matPixelType":"single","pixelType":"complex","dim":3,"numberOfComponentsPerPixel":1},{"name":"Magnetic_Transmit_Field_3","description":"b1p","filename":"data/b1p_003.nii.gz","id":302,"type":"output","matPixelType":"single","pixelType":"complex","dim":3,"numberOfComponentsPerPixel":1},{"name":"Magnetic_Transmit_Field_4","description":"b1p","filename":"data/b1p_004.nii.gz","id":303,"type":"output","matPixelType":"single","pixelType":"complex","dim":3,"numberOfComponentsPerPixel":1},{"name":"Magnetic_Transmit_Field_5","description":"b1p","filename":"data/b1p_005.nii.gz","id":304,"type":"output","matPixelType":"single","pixelType":"complex","dim":3,"numberOfComponentsPerPixel":1},{"name":"Magnetic_Transmit_Field_6","description":"b1p","filename":"data/b1p_006.nii.gz","id":305,"type":"output","matPixelType":"single","pixelType":"complex","dim":3,"numberOfComponentsPerPixel":1},{"name":"Magnetic_Transmit_Field_7","description":"b1p","filename":"data/b1p_007.nii.gz","id":306,"type":"output","matPixelType":"single","pixelType":"complex","dim":3,"numberOfComponentsPerPixel":1},{"name":"Magnetic_Transmit_Field_8","description":"b1p","filename":"data/b1p_008.nii.gz","id":307,"type":"output","matPixelType":"single","pixelType":"complex","dim":3,"numberOfComponentsPerPixel":1}]}